case,kind,setting,snr_db,n_mc,nmse_cbsfs,bias_cbsfs,nmse_A0_sq,bias_A0_sq,nmse_tau_p0,bias_tau_p0,nmse_doppler,bias_doppler,note,seconds
31-Jan,31-Jan,,inf,128,,,,,,,4.23793833,-0.842150337,"a_hat at a_min: 49, at a_max: 58",128
22jan-S1-10dB,22-Jan,1,10,128,0.008132134,0.000483665,0.098741871,0.311595041,0.21078611,0.064813026,0.775329422,0.777049796,"a_hat at a_min: 0, at a_max: 99",777
22jan-S1-20dB,22-Jan,1,20,128,0.003015181,0.0031998,0.001986628,0.031786155,0.08188646,0.099475711,0.995935863,0.630313734,"a_hat at a_min: 3, at a_max: 92",304
22jan-S2-10dB,22-Jan,2,10,128,0.006884761,0.009119155,0.097331318,0.309401941,0.373330579,0.05710803,0.814134722,0.81355166,"a_hat at a_min: 0, at a_max: 104",390
22jan-S2-20dB,22-Jan,2,20,128,0.002875123,0.006586906,0.002030375,0.03176539,0.079038132,0.099477839,0.994689929,0.575071883,"a_hat at a_min: 3, at a_max: 87",317
22jan-S3-10dB,22-Jan,3,10,128,6.35E-05,0.000214957,0.096785216,0.308326506,0.376203278,-0.012158497,0.838040235,0.85532482,"a_hat at a_min: 0, at a_max: 102",292
22jan-S3-20dB,22-Jan,3,20,128,3.00E-05,0.000128775,0.002096235,0.032631988,0.035506084,0.173300992,0.2699673,0.197864612,"a_hat at a_min: 0, at a_max: 12",474
22jan-S4-10dB,22-Jan,4,10,128,8.61E-05,0.000227196,0.099490933,0.313004803,0.232128396,0.062020357,0.888580537,0.898572355,"a_hat at a_min: 0, at a_max: 107",481
22jan-S4-20dB,22-Jan,4,20,128,3.34E-05,-2.45E-05,0.00203756,0.032093628,0.033650441,0.159634606,0.293278495,0.200192761,"a_hat at a_min: 0, at a_max: 14",1831
dense-S1-20dB,dense,1,20,128,0.003015181,0.0031998,0.001986628,0.031786155,7.53E-10,1.60E-06,2.205423176,-0.173137481,"a_hat at a_min: 18, at a_max: 57",1169
