a,snr_db,delta_Nseg,n_mc,bias,bias_rel,K_d,lin_R2,pullin_lo,pullin_hi,pullin90_lo,pullin90_hi,sigma_e,sigma_e_over_K_d,cbsfs_rmse_same,cbsfs_bias_same,ratio,cbsfs_rmse_ref
0.0005,inf,0.25,64,2.6354279707295074e-06,0.0052708559414590146,174.32966871601047,0.9999928896936585,-0.009918212890625,0.009918212890625,-0.009918212890625,0.009918212890625,0.004411129793442726,2.5303379659538164e-05,2.4188397469324133e-05,2.696400210951567e-06,1.046095744524955,nan
0.0005,inf,0.5,64,2.1746492935524657e-06,0.004349298587104931,368.8131295239843,0.9981942382146776,-0.030517578125,0.02288818359375,-0.012969970703125,0.012969970703125,0.012395214527693026,3.360838737951424e-05,2.4188397469324133e-05,2.696400210951567e-06,1.389442497054077,nan
0.0005,inf,0.75,64,-1.0493685854615867e-06,-0.0020987371709231734,585.3959789150778,0.9714620645342676,-0.016021728515625,0.016021728515625,-0.0152587890625,0.0152587890625,0.051631037237488624,8.819848290242294e-05,2.4188397469324133e-05,2.696400210951567e-06,3.6463136102454397,nan
0.0005,20.0,0.25,64,1.9192254646080865e-06,0.003838450929216173,174.36610261798026,0.9999929179144228,-0.009918212890625,0.009918212890625,-0.009918212890625,0.009918212890625,0.004784621062484627,2.7440087211029097e-05,2.6038981363769074e-05,1.8274984381031097e-06,1.0538080129820109,2.7e-05
0.0005,20.0,0.5,64,2.181951657493801e-06,0.004363903314987602,368.93163310461495,0.998192543131289,-0.030517578125,0.02288818359375,-0.012969970703125,0.012969970703125,0.013629415007245405,3.694292867367278e-05,2.6038981363769074e-05,1.8274984381031097e-06,1.4187547568614023,2.7e-05
0.0005,20.0,0.75,64,2.0275324252281973e-06,0.004055064850456394,584.2905931458022,0.9708477304533427,-0.016021728515625,0.016021728515625,-0.0152587890625,0.0152587890625,0.05849384986681439,0.00010011088754978126,2.6038981363769074e-05,1.8274984381031097e-06,3.8446545258900433,2.7e-05
0.0005,10.0,0.25,64,1.5283698809385725e-06,0.003056739761877145,174.3327590058582,0.9999928255630023,-0.009918212890625,0.009918212890625,-0.009918212890625,0.009918212890625,0.007930041608329287,4.548796022933824e-05,4.274001862326398e-05,9.385502152963084e-07,1.064294347419365,4.5e-05
0.0005,10.0,0.5,64,4.169838566064821e-06,0.00833967713212964,368.87710922854905,0.9981851750138969,-0.030517578125,0.01373291015625,-0.012969970703125,0.012969970703125,0.02344568735129662,6.355961583067528e-05,4.274001862326398e-05,9.385502152963084e-07,1.487121856238006,4.5e-05
0.0005,10.0,0.75,64,1.2315196989267774e-05,0.024630393978535548,566.6644572784843,0.9666333150786263,-0.016021728515625,0.016021728515625,-0.0152587890625,0.0152587890625,0.10704941115168398,0.00018891146211253392,4.274001862326398e-05,9.385502152963084e-07,4.420013565686815,4.5e-05
0.005,inf,0.25,16,1.8098162007064925e-06,0.0003619632401412985,175.1984429530227,0.9999937559791711,-0.009918212890625,0.009918212890625,-0.009918212890625,0.009918212890625,0.003905204201300219,2.2290176416392876e-05,2.1650435425976008e-05,1.878399209430566e-06,1.0295486431487337,nan
0.005,inf,0.5,16,1.530021806762265e-06,0.00030600436135245297,372.35563339701537,0.9981806243314185,-0.01373291015625,0.02288818359375,-0.012969970703125,0.012969970703125,0.01031159274433244,2.7692860855251113e-05,2.1650435425976008e-05,1.878399209430566e-06,1.2790902497058074,nan
0.005,inf,0.75,16,6.748612432035778e-07,0.00013497224864071557,599.6687128427567,0.9679279763743879,-0.0152587890625,0.0152587890625,-0.0152587890625,0.0152587890625,0.044803471624230755,7.471370552556905e-05,2.1650435425976008e-05,1.878399209430566e-06,3.45091006511251,nan
0.005,20.0,0.25,16,2.4491680320916005e-06,0.0004898336064183201,175.26149929625666,0.9999937902319294,-0.009918212890625,0.009918212890625,-0.009918212890625,0.009918212890625,0.004171150575749792,2.3799582866166214e-05,2.3608343391086526e-05,2.4845967614610734e-06,1.0081005037884994,2.7e-05
0.005,20.0,0.5,16,2.493349395006114e-06,0.0004986698790012228,372.55942751464903,0.9981784329988352,-0.012969970703125,0.01373291015625,-0.012969970703125,0.012969970703125,0.010689117912795303,2.8691041276562535e-05,2.3608343391086526e-05,2.4845967614610734e-06,1.2152924413745614,2.7e-05
0.005,20.0,0.75,16,3.7858840407981483e-06,0.0007571768081596296,598.6235795676121,0.9670662001793146,-0.0152587890625,0.0152587890625,-0.0152587890625,0.0152587890625,0.05121912889400483,8.55614958084354e-05,2.3608343391086526e-05,2.4845967614610734e-06,3.6242058322796025,2.7e-05
0.005,10.0,0.25,16,2.578104761618707e-06,0.0005156209523237414,175.0169031270548,0.9999936479201395,-0.009918212890625,0.009918212890625,-0.009918212890625,0.009918212890625,0.005986847301028112,3.420725195144103e-05,3.4031389693439545e-05,2.39597534822545e-06,1.0051676484441476,4.5e-05
0.005,10.0,0.5,16,4.031466697988152e-06,0.0008062933395976304,371.68365220773165,0.9981786625642651,-0.012969970703125,0.012969970703125,-0.012969970703125,0.012969970703125,0.01576620678409694,4.2418348750203595e-05,3.4031389693439545e-05,2.39597534822545e-06,1.2464477393463853,4.5e-05
0.005,10.0,0.75,16,1.2652567886114947e-05,0.0025305135772229893,578.421357484369,0.9641539331697797,-0.016021728515625,0.0152587890625,-0.0152587890625,0.0152587890625,0.09137581016746316,0.0001579744748099701,3.4031389693439545e-05,2.39597534822545e-06,4.642022445543089,4.5e-05
